"Folder","Name","RelativePath","Size","Hash"
"public\editorial","architectural-space.jpg","public\editorial\architectural-space.jpg","727533","7270994FB06FECA6970FD91D61DE1819F5BB8F1C4AB379B4283DCCBD4CA96241"
"public\editorial","artisan-hands.jpg","public\editorial\artisan-hands.jpg","451688","CB227C959A5A6C39655177A83A9C57E6FA26F31DA8B09D95C1B365A0C9A37D0C"
"public\editorial","macro-fiber.jpg","public\editorial\macro-fiber.jpg","1212500","E481144651CB22DB16507B6C1E786B558BB195A08C0DBD11D3F518A428B8F526"
"public\editorial","sculptural-object.jpg","public\editorial\sculptural-object.jpg","855669","B9BCBDBAC368AD3FE7DBF3934BC27029130B331B7811F76E6FA7E5142C1A1915"
"src\assets\SHOP","homedecor.jpeg","src\assets\SHOP\homedecor.jpeg","405936","647E94094100713ADA42F1D9C37AEA2947C467CDC5E9D4658AC70CC69BAC3471"
"src\assets\SHOP","LAMPSHADE (10).png","src\assets\SHOP\LAMPSHADE (10).png","1156554","B6C477F01B72E5DC01F32F05EA48DACD0A787024A844D40FD0D930600F239904"
"src\assets\SHOP","LAMPSHADE (11).png","src\assets\SHOP\LAMPSHADE (11).png","1030782","72A22FAB7A8C6A68C2849354682871C0EB90F7AE8BBF12C37A61F72996C6D345"
"src\assets\SHOP","LAMPSHADE (12).png","src\assets\SHOP\LAMPSHADE (12).png","1307795","CEC513289A25B196FAFBE6BF6BE34AB2F1D3F698B60E5957CCD9363CB076C233"
"src\assets\SHOP","LAMPSHADE (13).png","src\assets\SHOP\LAMPSHADE (13).png","1560551","FB1AD6F78AF69412DE93A057409BD1622B5F722CF8472083AB9768AA4CEFA7CF"
"src\assets\SHOP","LAMPSHADE (14).png","src\assets\SHOP\LAMPSHADE (14).png","1167526","77C86B733ECEEBC1D7D7863C056806D7E881D6CB10EF9CAF37FBA8DD4F7C3283"
"src\assets\SHOP","LAMPSHADE (15).png","src\assets\SHOP\LAMPSHADE (15).png","946567","AA97025ED81B540187D3E63992C88B8950C693DD2199BCBF2938C0C04FAFD7FD"
"src\assets\SHOP","LAMPSHADE (16).png","src\assets\SHOP\LAMPSHADE (16).png","1247198","9E9FF58EF2C269AA0B52DB5017D7480F745EE311EAD1C33921D6CD8C526B63AE"
"src\assets\SHOP","LAMPSHADE (17).png","src\assets\SHOP\LAMPSHADE (17).png","1163855","D2BA43CC051DFCE53EF5F8F3D927568F13318C02D982B65F3BCA9F1EF877C055"
"src\assets\SHOP","LAMPSHADE (18).png","src\assets\SHOP\LAMPSHADE (18).png","1346177","D62012B92D5CE811A3456E0B4F8B93C32CF5836710E0A8015D043C90CD276E31"
"src\assets\SHOP","LAMPSHADE (19).png","src\assets\SHOP\LAMPSHADE (19).png","1486862","D971C6DE491E4EBB5AFD353E2B6BF9B35180F70B4B5C2CE7F51EE076F58E7C30"
"src\assets\SHOP","LAMPSHADE (2).png","src\assets\SHOP\LAMPSHADE (2).png","823744","05D3A5B489A5EC071D3AD4D6E9D263159332CFD7809B9E3305E6654722058012"
"src\assets\SHOP","LAMPSHADE (3).png","src\assets\SHOP\LAMPSHADE (3).png","1131568","42A311655F26BC02592FE2BA51F884CB367DD8523D8A2EA24851FA10EE234A34"
"src\assets\SHOP","LAMPSHADE (4).png","src\assets\SHOP\LAMPSHADE (4).png","1131572","5C5FB39EF9AC3DD179234F6DBAB6FFE87BAA39DBB5F771333D5FAFC852C7AEAE"
"src\assets\SHOP","LAMPSHADE (5).png","src\assets\SHOP\LAMPSHADE (5).png","920598","EE5F4D88A56FB80041AF81EF39769636777A499568E87F8327C4D964662FFEBF"
"src\assets\SHOP","LAMPSHADE (6).png","src\assets\SHOP\LAMPSHADE (6).png","1342958","8B2146DA41C5AB441084CA4E7A428277A836964B7A3421EE1F60EC75550FA93B"
"src\assets\SHOP","LAMPSHADE (7).png","src\assets\SHOP\LAMPSHADE (7).png","1342954","963483E80075501122129C497A545A3D4BCDAB3ACC1A132254683D47DE542BD3"
"src\assets\SHOP","LAMPSHADE (8).png","src\assets\SHOP\LAMPSHADE (8).png","1561531","70A32D36D435B64C80C8ABF275A890577E7938F2012B85A2A1E945834E905907"
"src\assets\SHOP","LAMPSHADE (9).png","src\assets\SHOP\LAMPSHADE (9).png","1526210","F3F33D0F0F55129F6CED24BE89643EC3F448D84E504AA837511A48210DE7204F"
"src\assets\SHOP","LAMPSHADE.png","src\assets\SHOP\LAMPSHADE.png","1688954","7B8EBB4855E65B446B18B15901661FEC1F295AF665129E8A7593C74CB9C8E692"
"src\assets\SHOP","PLACEMATE (10).png","src\assets\SHOP\PLACEMATE (10).png","1202668","2BE0D0405B1131B3E7AFA29EB48A382F3741ED5976DA665609A2BA73BE178AFC"
"src\assets\SHOP","PLACEMATE (11).png","src\assets\SHOP\PLACEMATE (11).png","1311930","C1330136DAB9493A8C543AB1089A887CC8BD59F918C6FA42AB35CCAEFB718B3C"
"src\assets\SHOP","PLACEMATE (12).png","src\assets\SHOP\PLACEMATE (12).png","1818424","7086B205033F201F2D3F7A31DF3BEB02C4B18D81409B4A61722C3D446594A7F8"
"src\assets\SHOP","PLACEMATE (13).png","src\assets\SHOP\PLACEMATE (13).png","1681226","231C323ADA4D5B3608F99F9ACF0D266D0FA2850CD5563871D2C55766CA6DF663"
"src\assets\SHOP","PLACEMATE (14).png","src\assets\SHOP\PLACEMATE (14).png","2021032","98E9E6CF5853771F6A607E90FE49BAE8DF9BDD576E98DE608032250CC7A10763"
"src\assets\SHOP","PLACEMATE (15).png","src\assets\SHOP\PLACEMATE (15).png","2021028","7EB48F03BC089F90D53DA3B5574B2DC6573855481E6453F714519E358088E532"
"src\assets\SHOP","PLACEMATE (16).png","src\assets\SHOP\PLACEMATE (16).png","1337828","41466BF498A31138BD39C49A1643802C62B5B810F67802EE433D15CD4A4C5918"
"src\assets\SHOP","PLACEMATE (17).png","src\assets\SHOP\PLACEMATE (17).png","1679554","704D4C8492DAA79ED9051C7311B9B8209F82CB7B546E50D3EDE9AC7E9B7B468D"
"src\assets\SHOP","PLACEMATE (18).png","src\assets\SHOP\PLACEMATE (18).png","2163580","09DC7059C38C3449C004588C896DB9F1A4D6016D8DAA85EB4554D081E0B78011"
"src\assets\SHOP","PLACEMATE (19).png","src\assets\SHOP\PLACEMATE (19).png","1898749","0F6E14908E1E143BDE6C3CB47A1A23A855635F9623CFBEA600A9FBA51DE72816"
"src\assets\SHOP","PLACEMATE (2).png","src\assets\SHOP\PLACEMATE (2).png","1171282","67402E376924B1C1E39A22731677ECB7194BF47686342216F6756F28BC43E927"
"src\assets\SHOP","PLACEMATE (20).png","src\assets\SHOP\PLACEMATE (20).png","1386573","B89A2BCED40ECBD214640658BF8BAC5C33A3D6F9CE2EF75271CF289B88F527A6"
"src\assets\SHOP","PLACEMATE (21).png","src\assets\SHOP\PLACEMATE (21).png","1919786","20EAC3B70425A5C1DAD54181AD3F15E672D50A862AD63328431B9D371DD22B12"
"src\assets\SHOP","PLACEMATE (22).png","src\assets\SHOP\PLACEMATE (22).png","1414342","0ADE7B5D4F66ED0A8046409090528120B992CD27F768CAEAB1EC001632685B13"
"src\assets\SHOP","PLACEMATE (23).png","src\assets\SHOP\PLACEMATE (23).png","2432107","9D110E2C75D877F26D1C34C459565721B58A8ADD37C8104F84615B661DD80FC4"
"src\assets\SHOP","PLACEMATE (24).png","src\assets\SHOP\PLACEMATE (24).png","2269750","DB163DCE175E6B486E75C04B335A6185D0353CE6B0C4C6DECFC53060F3C5B457"
"src\assets\SHOP","PLACEMATE (25).png","src\assets\SHOP\PLACEMATE (25).png","2164342","9D3A26A1370DDD3A112E64B164531ED20D9C7081F7B5105D615EF38416BB8258"
"src\assets\SHOP","PLACEMATE (26).png","src\assets\SHOP\PLACEMATE (26).png","2404856","A6CD310064F2C896EA7849EC71084180D7D48E3C58D9412310D80754EDE12412"
"src\assets\SHOP","PLACEMATE (3).png","src\assets\SHOP\PLACEMATE (3).png","2436364","CAC2779FBE79DF0FBEFFBF62FD21DAD266B99114FF9B3BC0F02D09C78CF5783D"
"src\assets\SHOP","PLACEMATE (4).png","src\assets\SHOP\PLACEMATE (4).png","1431121","985FD3FE6E336656F62BD061AB058BABDE4992DA72678F786419C0D850681CDB"
"src\assets\SHOP","PLACEMATE (5).png","src\assets\SHOP\PLACEMATE (5).png","1599433","303951397BF528ED7BDF0F58BDC1BF1FA322323148B41837BB894C29178C0456"
"src\assets\SHOP","PLACEMATE (6).png","src\assets\SHOP\PLACEMATE (6).png","1609912","E1B464D1BDE8F700578E137A644B72F8CAFEF74ADE38A0B83FD8C8EDD8009B78"
"src\assets\SHOP","PLACEMATE (7).png","src\assets\SHOP\PLACEMATE (7).png","1609908","DC1B28AB3E7B59680B31B7ACE0920352AB4FE27A5BA09F843C6BA022404B1761"
"src\assets\SHOP","PLACEMATE (8).png","src\assets\SHOP\PLACEMATE (8).png","2088233","0FA5128EB3610B7FF8527A9D591923B1B41BFAAEB869E57F6123A46D02973B14"
"src\assets\SHOP","PLACEMATE (9).png","src\assets\SHOP\PLACEMATE (9).png","1901007","11A5984AB00A2087B1C30582365C5C2F0C1F5853FC132717CC879032F2B7B892"
"src\assets\SHOP","PLACEMATE.png","src\assets\SHOP\PLACEMATE.png","1930079","DA5CD9068ACC2A728C933F32F600436C7ED865F94873DF9FFFE8EB02BDE6C5BF"
"src\assets\SHOP","WALLDECOR NATURAL FIBER (10).png","src\assets\SHOP\WALLDECOR NATURAL FIBER (10).png","2330723","63C526EEBF1BE42CC538FDD45BF345CE23B85709F266A2518C2F0E08107B2A24"
"src\assets\SHOP","WALLDECOR NATURAL FIBER (2).png","src\assets\SHOP\WALLDECOR NATURAL FIBER (2).png","1376394","6CA056BEFDC9959E2FE87F9F232FB295E8D00831BBB3C949C67359A115334BDA"
"src\assets\SHOP","WALLDECOR NATURAL FIBER (3).png","src\assets\SHOP\WALLDECOR NATURAL FIBER (3).png","1225270","B55C506D90B4D172D98F24BB23DACF003899203C666242BFF18D8B960658F1A3"
"src\assets\SHOP","WALLDECOR NATURAL FIBER (4).png","src\assets\SHOP\WALLDECOR NATURAL FIBER (4).png","1507257","D4F4C38330067782F61D24BAA5ED1CA68E4E108C8BEAD1F4F9EACE9C79381159"
"src\assets\SHOP","WALLDECOR NATURAL FIBER (5).png","src\assets\SHOP\WALLDECOR NATURAL FIBER (5).png","2003758","B2A546459322BFA4AB2FF786741C73BDBB5DB5AD95DC060E2601697E3550C992"
"src\assets\SHOP","WALLDECOR NATURAL FIBER (6).png","src\assets\SHOP\WALLDECOR NATURAL FIBER (6).png","2266390","8B3D7C98097AA1B1A186F5DEC63E91E5977FDCA8BECF0BD4B4F5F2CFA411E773"
"src\assets\SHOP","WALLDECOR NATURAL FIBER (7).png","src\assets\SHOP\WALLDECOR NATURAL FIBER (7).png","2108644","A8AF26D6CB4A7A83110C30C14491A3CE519B42849443D72BF75797E1F8C0EE5E"
"src\assets\SHOP","WALLDECOR NATURAL FIBER (8).png","src\assets\SHOP\WALLDECOR NATURAL FIBER (8).png","2076763","65B6B512BAF1D3A7BC3424654E52713F356012C720C93648C7BE67E075D788DA"
"src\assets\SHOP","WALLDECOR NATURAL FIBER (9).png","src\assets\SHOP\WALLDECOR NATURAL FIBER (9).png","1705547","1F89A8720CBDC90EBFD9542267EB1EA0DFBBB5C58C9AAB3DAD657F9557785453"
"src\assets\SHOP","WALLDECOR NATURAL FIBER.png","src\assets\SHOP\WALLDECOR NATURAL FIBER.png","1686945","9687A2CB39215EF462A8A3CFA96F26EE3CD9C6EF717C2846F255F7262BE8B427"
"src\assets\SHOP","WALLDECOR PRODUCT BANANA KNITH.png","src\assets\SHOP\WALLDECOR PRODUCT BANANA KNITH.png","1403079","F7386CE51B4334BAD968F07A90BD18BC4BA5FF44000D17DB3B158D4DB99EFE59"
"src\assets\SHOP","WALLDECOR PRODUCT BANANA MIX PATTERN.png","src\assets\SHOP\WALLDECOR PRODUCT BANANA MIX PATTERN.png","1833534","07C759FF0E14C375CBD122059F81AA8E016DE3D4111FDF4CA7BD49B3CBFC5CE0"
"src\assets\SHOP","WALLDECOR PRODUCT BANANA STAR 2.png","src\assets\SHOP\WALLDECOR PRODUCT BANANA STAR 2.png","1341533","3B77D258EB17AE6D42DB52776A95CA95C03ED060948D746186DBF6F4A4FBE70B"
"src\assets\SHOP","WALLDECOR PRODUCT BANANA STAR 3.png","src\assets\SHOP\WALLDECOR PRODUCT BANANA STAR 3.png","1233057","A28073291189D4C830FF98705506BC81763E5655077F60E0791C8E4620743EAB"
"src\assets\SHOP","WALLDECOR PRODUCT BANANA STAR MIX COLOR.png","src\assets\SHOP\WALLDECOR PRODUCT BANANA STAR MIX COLOR.png","1166293","9A3440F305F102B1E4254392938852802A8BBCA8C68E196F075FBC33E4AFD716"
"src\assets\SHOP","WALLDECOR PRODUCT BANANA STAR MOTIF Material _ Banana Bark, Yarn Availabel Color _ Natural Black.png","src\assets\SHOP\WALLDECOR PRODUCT BANANA STAR MOTIF Material _ Banana Bark, Yarn Availabel Color _ Natural Black.png","1526896","DDBF1D5D66E70A91E41490C6C93BE23AF17E290B0F7CE67449F865A2D5777648"
"src\assets\SHOP","WALLDECOR PRODUCT BANANA SUN BLACK.png","src\assets\SHOP\WALLDECOR PRODUCT BANANA SUN BLACK.png","1715279","C20E210098829FBBE8E1EE67DEDDC8ABE11CC998362A0455E72114E5FD0A6C02"
"src\assets\SHOP","WALLDECOR PRODUCT BANANA SYNTHETIC.png","src\assets\SHOP\WALLDECOR PRODUCT BANANA SYNTHETIC.png","1476150","CF78FC7A7433F2E1F7E1725E1866EF5828BCD14F17B4FE7D56BFA54E003EA698"
"src\assets\SHOP","WALLDECOR PRODUCTBANANA LURIK.png","src\assets\SHOP\WALLDECOR PRODUCTBANANA LURIK.png","1590843","F35B56BD5EBD8D4614F5A18881B584CF7439587983000CAADEAFCFA16BD6633C"
"src\assets\SHOP","WOVEN BASKET (10).png","src\assets\SHOP\WOVEN BASKET (10).png","1231243","04BB6550067E0066B25DC0A8080F62CFD7EFD9FDB09040E1C5721F28F3767AE9"
"src\assets\SHOP","WOVEN BASKET (11).png","src\assets\SHOP\WOVEN BASKET (11).png","1563151","A018B723ADFAE1E7C191DDA76DBDCF3FDAF32D2930925BBB1C32D3B3C8F1B14E"
"src\assets\SHOP","WOVEN BASKET (12).png","src\assets\SHOP\WOVEN BASKET (12).png","1359492","DE0BCA082906E837C876B50F25E7C997F777C2B1D4884BDD9406B9E11CA8A1C0"
"src\assets\SHOP","WOVEN BASKET (13).png","src\assets\SHOP\WOVEN BASKET (13).png","1445347","534A0724AF589EE67F17505609BCC76E623903741E2A136AA843C3082C9C6495"
"src\assets\SHOP","WOVEN BASKET (14).png","src\assets\SHOP\WOVEN BASKET (14).png","701172","C2F6831BAAD5BB8588BE72A4E4668F1DB7421545D196B3A1EB6F77606C125B2B"
"src\assets\SHOP","WOVEN BASKET (15).png","src\assets\SHOP\WOVEN BASKET (15).png","655780","D721B5FDB06399130A99BCC382B638C6388512AE5C9CC1144B48AC19C8D1EF67"
"src\assets\SHOP","WOVEN BASKET (16).png","src\assets\SHOP\WOVEN BASKET (16).png","1155226","06BE3FDEE49E3F39C6F5147742B55EBDE2DE6F1E2D84A089C0F4BA206A83D092"
"src\assets\SHOP","WOVEN BASKET (17).png","src\assets\SHOP\WOVEN BASKET (17).png","1060133","D6CBE74B6E11F74762A0228170D0E0D172A1EF52783F2138E94D8588A6E51798"
"src\assets\SHOP","WOVEN BASKET (18).png","src\assets\SHOP\WOVEN BASKET (18).png","895697","634F57897EBC353992159D82E74C0D511E2CBAD2C0E7EB5310285EEAE79813FF"
"src\assets\SHOP","WOVEN BASKET (19).png","src\assets\SHOP\WOVEN BASKET (19).png","804585","35AB58B3127723426E540EC05E1E4257073BEC125E85E12C45C731BD6A4E8655"
"src\assets\SHOP","WOVEN BASKET (2).png","src\assets\SHOP\WOVEN BASKET (2).png","1469113","1C4D1D4DD3D488C82B5401A91C5C897000E9601F90909A299DA8B1BF88998DA5"
"src\assets\SHOP","WOVEN BASKET (20).png","src\assets\SHOP\WOVEN BASKET (20).png","851711","9F69927FAE6D306BD4EC301DBBBEDB08E492E59834CBB472FE0A964C4E8AB91C"
"src\assets\SHOP","WOVEN BASKET (21).png","src\assets\SHOP\WOVEN BASKET (21).png","747813","5449E24F52177E857C5CCDB2458A65158ACFC7631E086E9402B911F5551ACC46"
"src\assets\SHOP","WOVEN BASKET (22).png","src\assets\SHOP\WOVEN BASKET (22).png","927033","5EF6CB955213AFE6111671C172C2A9F984048499DC4064A3C82A0F31F9907F2A"
"src\assets\SHOP","WOVEN BASKET (23).png","src\assets\SHOP\WOVEN BASKET (23).png","928796","62B35D084C2622EB067B319732A13B9F1A732434C3D84A4F630658CA91993D63"
"src\assets\SHOP","WOVEN BASKET (24).png","src\assets\SHOP\WOVEN BASKET (24).png","1267107","6DB9D3717CE07F157B88C79003264771825B191B555A01B4CB379295F9BC24C9"
"src\assets\SHOP","WOVEN BASKET (25).png","src\assets\SHOP\WOVEN BASKET (25).png","1421392","948AB986E68F8D65BF394514CA01BFED71A667E9D7E5D4DCA2477DF6130B77C8"
"src\assets\SHOP","WOVEN BASKET (26).png","src\assets\SHOP\WOVEN BASKET (26).png","860166","3F18DAC242C79628CE55C68657123B301AA550AB352B572E6C8144612F2FFC68"
"src\assets\SHOP","WOVEN BASKET (27).png","src\assets\SHOP\WOVEN BASKET (27).png","1382596","9A68790A9B8E29A4947EA9781F71BB6F3F63CD1ACC5AA0F27DD1869BB3DF97A7"
"src\assets\SHOP","WOVEN BASKET (28).png","src\assets\SHOP\WOVEN BASKET (28).png","1493497","A9AE2FB20C9FF402D306237B63C9F73884EFC23A523C5A0B5B49A289A51AB45D"
"src\assets\SHOP","WOVEN BASKET (29).png","src\assets\SHOP\WOVEN BASKET (29).png","1385448","4EE813D7815A377B51E70A0D2029F3968711CF1EA0608DC0F23ED5E48B928D2A"
"src\assets\SHOP","WOVEN BASKET (3).png","src\assets\SHOP\WOVEN BASKET (3).png","1437976","4054DF71459FEBC4649DD80DF2F4E8A8AEB2B5780100DDA472CA587AF5058BF0"
"src\assets\SHOP","WOVEN BASKET (30).png","src\assets\SHOP\WOVEN BASKET (30).png","901585","16D778F5604994139EE6469F66CEFD1F1C562D766524FECE5F2433790589157B"
"src\assets\SHOP","WOVEN BASKET (4).png","src\assets\SHOP\WOVEN BASKET (4).png","1426525","160406EA66E180231097AEA1390BD80BC8A5404F65E12D1CCD5347A2F3B2FF27"
"src\assets\SHOP","WOVEN BASKET (5).png","src\assets\SHOP\WOVEN BASKET (5).png","835649","C9F5F57269FC6B621306D5DB889DE8A34EEE01C14B1AAB2DC85F600BE4DC4AF6"
"src\assets\SHOP","WOVEN BASKET (6).png","src\assets\SHOP\WOVEN BASKET (6).png","1401655","121CACC47A2418F3380363FFD68DCE89DF2674FDCF6C1D9C7FA00CB33AE2568A"
"src\assets\SHOP","WOVEN BASKET (7).png","src\assets\SHOP\WOVEN BASKET (7).png","2469980","C94146072333CAB82957368E5D2C001661AD3ACDBD51D9EF644D07FD05011130"
"src\assets\SHOP","WOVEN BASKET (8).png","src\assets\SHOP\WOVEN BASKET (8).png","1669428","E62F1E204F5930B130C73FA0ECE553F104A4AB27B887E1AF0B83FEAF0A5BF846"
"src\assets\SHOP","WOVEN BASKET (9).png","src\assets\SHOP\WOVEN BASKET (9).png","1076433","1473B1FEDF0A6CA959F5FD8BBAC66E5ED5E6F5C5588A733A346EE5324D790577"
"src\assets\SHOP","WOVEN BASKET.png","src\assets\SHOP\WOVEN BASKET.png","1141751","6032275CDF6B181EBC43EC7C74FEDA904C48C261C4E88FE343E6A035A3186041"
"src\assets\SHOP","WOVEN MIRROR (10).png","src\assets\SHOP\WOVEN MIRROR (10).png","829938","9B6F079F27015B170E809098BF71AEEB908FFD9C565DF8844E304F16C87A0C2A"
"src\assets\SHOP","WOVEN MIRROR (11).png","src\assets\SHOP\WOVEN MIRROR (11).png","1190166","0B8DE751655C7A6A001E29A81C30140ABB7F438D1B1EB68DCDE279F4D3038658"
"src\assets\SHOP","WOVEN MIRROR (12).png","src\assets\SHOP\WOVEN MIRROR (12).png","1187151","1A6D42C64028D9CDFD8E822347EC386AC138A3383CE66E12F3EBB4F63A62ED71"
"src\assets\SHOP","WOVEN MIRROR (13).png","src\assets\SHOP\WOVEN MIRROR (13).png","1266060","A7BC864C61B01EA0550BE13FC6BD9DB31B4FEEB7B2544D8800EBB3514AD0C03A"
"src\assets\SHOP","WOVEN MIRROR (2).png","src\assets\SHOP\WOVEN MIRROR (2).png","1991050","3C382DFB52ADC47AB3AAA441CBD4BA8B62656FA4499FB8E4E777E7CF89D9EBB7"
"src\assets\SHOP","WOVEN MIRROR (3).png","src\assets\SHOP\WOVEN MIRROR (3).png","1921347","F7824254675E19CD1EC88B78401E3FECBCD0423F09A95BEF97FC17AD5C1B870F"
"src\assets\SHOP","WOVEN MIRROR (4).png","src\assets\SHOP\WOVEN MIRROR (4).png","1795294","95955FC4BBB8315A9E9A8FAB73E677E0D8957DB7E0A345C1C79002B6D30F7DBE"
"src\assets\SHOP","WOVEN MIRROR (5).png","src\assets\SHOP\WOVEN MIRROR (5).png","1346415","EAD71844B32EFA60F78307B3A1AAF11EA6D651777A7DE28AD1A0DB5DD2B5FA3A"
"src\assets\SHOP","WOVEN MIRROR (6).png","src\assets\SHOP\WOVEN MIRROR (6).png","1865066","D1B692B85303E347D5560EEDBD03BB398624851C70DFFD404CD8065452EBEB8F"
"src\assets\SHOP","WOVEN MIRROR (7).png","src\assets\SHOP\WOVEN MIRROR (7).png","1570318","3C54E3E235D89CAFDD0EC8B1709C07AC0DED253D97AE8B854CE945E809D2959E"
"src\assets\SHOP","WOVEN MIRROR (8).png","src\assets\SHOP\WOVEN MIRROR (8).png","1597697","5459E9F69EFB7827D701EDB2C076B884D2D93D70ED4ED4A1DA00CFF2A7023EC4"
"src\assets\SHOP","WOVEN MIRROR (9).png","src\assets\SHOP\WOVEN MIRROR (9).png","1082627","55F273611FA0B25904537A6B4B89BF210CA733170FD3080E8130742B3CFAE529"
"src\assets\SHOP","WOVEN MIRROR.png","src\assets\SHOP\WOVEN MIRROR.png","1983914","6B070E9727CDD2186468223A57430FEAC4F151DE631DE3CB3E365033CF2A6C24"
